{
  "weights": [
    0.27999189403776925,
    -0.012079416421906315,
    0,
    0.18376972285797868,
    0.09102091782657215,
    -0.15077794729489394,
    0,
    0.2830266805334422,
    0,
    0,
    0,
    0,
    0,
    0,
    0.3125058680749029,
    0.07024560753454043,
    0.12905024995735448,
    0.18779955388557,
    0,
    -0.012079416421906315,
    0,
    0.010599394545686432,
    0,
    0,
    0,
    0,
    0,
    0.18753733816463308,
    0.5120639412877338,
    -0.0014800218762261313,
    0.26616743025553874,
    -0.057435241160082286,
    0.7273158022014266,
    0,
    -0.23792673372079742,
    0,
    0,
    0,
    0,
    0,
    0,
    0,
    0,
    0,
    0,
    -0.06346556887054669,
    -0.08551307217521736
  ],
  "bias": 0.698121257576163,
  "featureCount": 47
}