{
  "wineTypeModels": {
    "Red": {
      "mean": 2.2256,
      "stdDev": 1.2160199998355288,
      "seasonality": 0.09369800541509812,
      "trend": -0.00010987322231886229,
      "lastValues": [
        1,
        2,
        2,
        1,
        1,
        1,
        1
      ]
    },
    "White": {
      "mean": 2.7244224422442245,
      "stdDev": 1.471948119699574,
      "seasonality": 0,
      "trend": 0.00008010086615970269,
      "lastValues": [
        3,
        2,
        3,
        2,
        1,
        1,
        1
      ]
    },
    "Sparkling": {
      "mean": 2.6677966101694914,
      "stdDev": 1.4928576484824587,
      "seasonality": 0.0560731502296745,
      "trend": 0.00016219955687268037,
      "lastValues": [
        2,
        3,
        2,
        4,
        1,
        4,
        1
      ]
    },
    "Dessert": {
      "mean": 2.2222222222222223,
      "stdDev": 1.314684396244359,
      "seasonality": 0,
      "trend": -0.11351909184726522,
      "lastValues": [
        1,
        1,
        4,
        2,
        1,
        2,
        1
      ]
    }
  }
}